{
  "num_classes": 1,
  "conf_threshold": 0.5,
  "nms_threshold": 0.4,
  "class_names": ["car"],
  "anchors": [
    [0.57273, 0.677385],
    [1.87446, 2.06253],
    [3.33843, 5.47434],
    [7.88282, 3.52778],
    [9.77052, 9.16828]
  ]
}
